id,created_at,full_text,url,matched_query,category
1443627978768982022,2021-09-30T17:25:06.000Z,"Amusing that something called the ""Revolving Door Project"" *supports* Kanter's ""independence"" after his legal representation of:
 Epic Games
 Microsoft
 News Corp
 Spotify
 Yelp


https://
reuters.com/legal/legalind
ustry/doj-antitrust-nominee-reports-20-mln-paul-weiss-income-2021-08-30/
…",https://x.com/adamkovac/status/1443627978768982022,Revolving Door Project,Hypocrisy / selective outrage
1841569321103065401,2024-10-02T20:01:55.000Z,"Early and throughout the Biden Admin, foundation-funded 
@revolvingdoorDC
 led by 
@jeffhauser
, 
@Public_Citizen
, and enabled by their media partner 
@TheProspect
, worked to blackball Biden noms and appointees with corporate experience - unless those noms pubicly flip-flopped.

3/",https://x.com/adamkovac/status/1841569321103065401,Revolving Door Project,Appointments / philosophy critique
1841569442851115460,2024-10-02T20:02:24.000Z,"The key difference this time is that Harris doesn't owe anything to anyone.

Certainly not to Elizabeth Warren, who stabbed her in the back 

Allowing 
@jeffhauser
, 
@revolvingdoorDC
, and 
@TheProspect
 to dictate appointments is what got Biden underwater on the economy in the 
https://
x.com/krossny1/statu
s/1829151379111456973
…",https://x.com/adamkovac/status/1841569442851115460,Revolving Door Project,Appointments / philosophy critique
1846185690486186193,2024-10-15T13:45:43.000Z,"It's 3 wks til election day.  What are YOU doing to elect 
@KamalaHarris
?

Here's what the Revolving Door Project (
@revolvingdoorDC
) is doing:

Dropping oppo against potential Harris chiefs: Voles, Butler, Richmond 

Very constructive!


https://
prospect.org/power/2024-10-
14-big-fiscal-or-big-business/
…",https://x.com/adamkovac/status/1846185690486186193,Revolving Door Project,Appointments / philosophy critique
1846198531792503289,2024-10-15T14:36:45.000Z,"Forget ""measuring the drapes.""  Revolving Door Project is holding the drapes hostage - by dropping oppo on possible Harris chiefs of staff.",https://x.com/adamkovac/status/1846198531792503289,Revolving Door Project,Appointments / philosophy critique
1846713591430631502,2024-10-17T00:43:25.000Z,"Exactly right. 
@revolvingdoorDC
 has never been consistent about opposing people w corporate backgrounds. Never said a peep about Kanter who rep’d Yelp, MSFT, News Corp.",https://x.com/adamkovac/status/1846713591430631502,Revolving Door Project,Hypocrisy / selective outrage
1849053820870971766,2024-10-23T11:42:39.000Z,"When Hauser’s Revolving Door Project is demanding that the Harris Administration not appoint someone, the Harris folks should remember that this guy was cheering for her loss rather than helping her win.",https://x.com/adamkovac/status/1849053820870971766,Revolving Door Project,Jeff Hauser / The Groups
1849100459291681008,2024-10-23T14:47:58.000Z,"I've been a proud Democrat for 28 years & have worked in D Hill offices and campaigns.  This cycle I was an early Harris booster & I've contributed to Harris and House Dem challengers to flip seats red to blue.  

What have you done lately to help Democrats win?",https://x.com/adamkovac/status/1849100459291681008,Jeff Hauser,Purity tests & Dem coalition
1857494646634512604,2024-11-15T18:43:28.000Z,"But Sherrod Brown himself ran a Senate campaign where he *did* make companies an enemy - including $100M+ worth of ads - and he lost to a car salesman.  

So how is that a winning message?",https://x.com/adamkovac/status/1857494646634512604,Jeff Hauser,Purity tests & Dem coalition
1861506374880108945,2024-11-26T20:24:39.000Z,"One would think that 
@revolvingdoorDC
 would have plenty to attack with Trump's cabinet appointees.  The revolving door is the org's whole reason for being!  

Instead of that, they're going after the abundance movement .  Mission creep.",https://x.com/adamkovac/status/1861506374880108945,Revolving Door Project,Hypocrisy / selective outrage
1867568303444488445,2024-12-13T13:52:35.000Z,"They also have plenty of “revolving door” targets with Trump, but their apparent lack of interest in that reveals that they have never been consistent.",https://x.com/adamkovac/status/1867568303444488445,revolving door (general),Hypocrisy / selective outrage
1868411616678834215,2024-12-15T21:43:37.000Z,"With so many lobbyists joining the Trump Administration, I figured that the 
@revolvingdoorDC
 would be all over it.

So I navigated over to their website and found them...worrying about where Jessica Rosenworcel will work next.

",https://x.com/adamkovac/status/1868411616678834215,Revolving Door Project,Hypocrisy / selective outrage
1895528691431830012,2025-02-28T17:37:11.000Z,"American Economic Liberties Project, Then:
Revolving Door BAD

American Economic Liberties Project, Now:
Revolving Door in Our Direction GOOD",https://x.com/adamkovac/status/1895528691431830012,revolving door (general),Hypocrisy / selective outrage
1906877926169317818,2025-04-01T01:15:00.000Z,"Mark Meador's law firm - which works for Yelp, News Corp, and News Media Alliance - just hired 3 Biden DOJ veterans.  

Isn't this the kind of thing 
@revolvingdoorDC
 is supposed to get worked up about?",https://x.com/adamkovac/status/1906877926169317818,Revolving Door Project,Hypocrisy / selective outrage
1920139885597405456,2025-05-07T15:33:17.000Z,"My view is:
- Every org gets funding from somewhere
- Best practice is to disclose it (
@ProgressChamber
 does, 
@revolvingdoorDC
 does not)
- Most advocates sincerely argue what they believe in
- Engaging with ideas > ad hominem attacks based on funding",https://x.com/adamkovac/status/1920139885597405456,Revolving Door Project,Funding transparency & donors
1928538179109531930,2025-05-30T19:45:07.000Z,"Jeff Hauser 
@jeffhauser
: $0 donated in 2024",https://x.com/adamkovac/status/1928538179109531930,Jeff Hauser,Jeff Hauser / The Groups
1932510705481023584,2025-06-10T18:50:31.000Z,"Jeff Hauser (
@jeffhauser
) calls The Groups ""the conscience"" of the Democratic party.

And yet:
1. Hauser and many of The Groups invest nothing in helping Democrats win; 

and

2. When I have pointed that out, they instead say ""we're a nonpartisan 501c3/4!""

Which is it?",https://x.com/adamkovac/status/1932510705481023584,Jeff Hauser,Jeff Hauser / The Groups
1932894004594762032,2025-06-11T20:13:36.000Z,"I'm not one who believes Omidyar is funding antimonopoly work to help eBay.  

But I do think books could be written on the survivor's guilt"" of Omidyar, Hughes, etc that causes them to fund nonprofits that attack the industries that made them rich.

Investing in Hauser salves",https://x.com/adamkovac/status/1932894004594762032,Hauser/RDP variants,Funding transparency & donors
1944833369319121355,2025-07-14T18:56:23.000Z,"I mean, Jeff *wants* to hurt progressive zoning reform groups",https://x.com/adamkovac/status/1944833369319121355,Revolving Door Project,Jeff Hauser / The Groups
1965209132065325107,2025-09-09T00:22:23.000Z,"The only sensible rebuttal to the clowns at 
@revolvingdoorDC",https://x.com/adamkovac/status/1965209132065325107,Revolving Door Project,Jeff Hauser / The Groups
1998770205393404032,2025-12-10T15:02:06.000Z,"The 
@revolvingdoorDC
's whole schtick is to bully Democrats into stocking their Admins with only people from academia, nonprofits, and govt - and blocking business people.

But voters *like* that business people will help presidents grow the economy.",https://x.com/adamkovac/status/1998770205393404032,Revolving Door Project,Appointments / philosophy critique
2009734430189822173,2026-01-09T21:10:01.000Z,"House Dems should keep in mind that neither 
@revolvingdoorDC
 nor any of these other groups are remotely invested in Democrats retaking power.  

Their only aim is to enforce purity tests and they would prefer Dems remain in the minority.  They should be ignored.",https://x.com/adamkovac/status/2009734430189822173,Revolving Door Project,Purity tests & Dem coalition
2021285980347457895,2026-02-10T18:11:46.000Z,"Pretty rich comment for a 
@revolvingdoorDC
 person given your org's complete and utter lack of funding transparency",https://x.com/adamkovac/status/2021285980347457895,Revolving Door Project,Funding transparency & donors
2059961572014100538,2026-05-28T11:34:45.000Z,"Among those name checked in the report: 
@GinaRaimondo
 
@wendyranderson
 
@RitchieTorres
 
@Noahpinion
 
@AJentleson
 
@packyM
 
@SenWarren
 
@linamkhan
 
@JKBustertruster
 
@jeffhauser
 
@matthewstoller


@jennifermharris
 
@ChopraUSA
 
@superwuster",https://x.com/adamkovac/status/2059961572014100538,Jeff Hauser,Report on Dems vs tech
2060403000955269272,2026-05-29T16:48:50.000Z,"Our new report on how Dems got crosswise with tech singles out 
@revolvingdoorDC
 and 
@jeffhauser
 for their role - so they are understandably defensive.

The reality is that their purity tests were a political flop that shrunk Dems' coalition.",https://x.com/adamkovac/status/2060403000955269272,Revolving Door Project,Purity tests & Dem coalition
2071662600442503520,2026-06-29T18:30:28.000Z,"Catching up on recent grantees from Hewlett Foundation's anti-neoliberalism center:

$200k to 
@revolvingdoorDC
 
$1.9M to 
@rooseveltinst
 
$2M to 
@econliberties
 
$500k to 
@MorePerfectUS
 


https://
hewlett.org/grants/?_grant
_programs_dropdown=24372977
…",https://x.com/adamkovac/status/2071662600442503520,Revolving Door Project,Funding transparency & donors
